<?xml version="1.0" encoding="UTF-8"?>

<!-- Scenes need to be extended from BaseScene to work with SGDEX-->
<component name="MainScene" extends="BaseScene" xmlns:xsi="http://www.w3.org/2001/XMLSchema-instance" xsi:noNamespaceSchemaLocation="https://devtools.web.roku.com/schema/RokuSceneGraph.xsd">
	<!-- importing main handler+ other scripts to run channel -->
    <script type="text/brightscript" uri="MainScene.brs" />
    <script type="text/brightscript" uri="DetailsView.brs" />
    <script type="text/brightscript" uri="VideoView.brs" />
    <script type="text/brightscript" uri="SearchView.brs" />
    <script type="text/brightscript" uri="EpisodePickerLogic.brs" />
    <script type="text/brightscript" uri="MediaPlayerLogic.brs" />
    <script type="text/brightscript" uri="WatchListHelpers.brs" />
    <script type="text/brightscript" uri="BookmarksHelper.brs" />
    <script type="text/brightscript" uri="../source/rsg_utils.brs" />
</component>
