{
  "providerName": "CCExtractor",
  "language": "en-US",
  "lastUpdated": "2020-07-19T02:01:00+02:00",
  "For You": [
    {
      "id": "00001",
      "title": "Travel Vlog",
      "releaseDate": "2020-07-20",
      "shortDescription": "Follow along the adventures of Shuhei Sato as he documents his journey across the US!",
      "thumbnail": "https://fremicro029.xirvik.com/downloads/Thumbnails/SS_Travel.png",
      "genres": [
        "adventure"
      ],
      "tags": [
        "travel"
      ],
      "content": {
        "dateAdded": "2020-06-11T14:14:54.431Z",
        "captions": [],
        "videos": [
          {
            "url": "https://fremicro029.xirvik.com/downloads/Test.mp4",
            "quality": "FHD",
            "videoType": "MP4"
          }
        ],
        "duration": 44
      }
    },
    {
      "id": "00002",
      "title": "A Beach Vision",
      "releaseDate": "2020-07-20",
      "shortDescription": "Take a moment to calm down and look at the calming beach waves. Now in 4K!",
      "thumbnail": "https://fremicro029.xirvik.com/downloads/Thumbnails/Beach.png",
      "genres": [
        "adventure"
      ],
      "tags": [
        "travel"
      ],
      "content": {
        "dateAdded": "2020-06-11T14:14:54.431Z",
        "captions": [],
        "duration": 31,
        "videos": [
          {
            "url": "https://fremicro029.xirvik.com/downloads/Roku%20videos/Travel.mp4",
            "quality": "UHD",
            "videoType": "MP4"
          }
        ]
      }
    },
    {
      "id": "00003",
      "title": "Explore Medellin",
      "releaseDate": "2020-07-20",
      "shortDescription": "Explore the wonderful sights of Medellin in this short feature film!",
      "thumbnail": "https://fremicro029.xirvik.com/downloads/Thumbnails/Med_travel.png",
      "genres": [
        "adventure"
      ],
      "tags": [
        "travel"
      ],
      "content": {
        "dateAdded": "2020-06-11T14:14:54.431Z",
        "captions": [],
        "videos": [
          {
            "url": "https://fremicro029.xirvik.com/downloads/Roku%20videos/Medellin%20Travel%20Video.mp4",
            "quality": "FHD",
            "videoType": "MP4"
          }
        ],
        "duration": 315
      }
    }
  ],
  "movies": [
    {
      "id": "00004",
      "title": "Arduino Tutorial",
      "releaseDate": "2015-06-11",
      "shortDescription": "Curious about how to solder a connection on an Arduino board? Look no further!",
      "thumbnail": "https://fremicro029.xirvik.com/downloads/Thumbnails/ArduTech.png",
      "genres": [
        "technology"
      ],
      "tags": [
        "tech"
      ],
      "content": {
        "dateAdded": "2015-06-11T14:14:54.431Z",
        "captions": [],
        "videos": [
          {
            "url": "https://fremicro029.xirvik.com/downloads/Roku%20videos/Tech/Tech.mp4",
            "quality": "UHD",
            "videoType": "MP4"
          }
        ],
        "duration": 38
      }
    },
    {
      "id": "00005",
      "title": "Tech Conference",
      "releaseDate": "2015-05-21",
      "shortDescription": "Watch a clip of the tech conference on 'Winning together- Tech and Sustainability.' ",
      "thumbnail": "https://fremicro029.xirvik.com/downloads/Thumbnails/TechConf.png",
      "genres": [
        "technology"
      ],
      "tags": [
        "tech"
      ],
      "content": {
        "dateAdded": "2015-05-21T14:14:54.431Z",
        "captions": [],
        "duration": 325,
        "videos": [
          {
            "url": "https://fremicro029.xirvik.com/downloads/Roku%20videos/Tech/Winning%20Together_%20Tech%20%26%20Sustainability.mp4",
            "quality": "FHD",
            "videoType": "MP4"
          }
        ]
      }
    },
    {
      "id": "00006",
      "title": "Tech Service Promo",
      "releaseDate": "2015-06-11",
      "shortDescription": "This is how a tech support channel (e.g xirvik) will be able to do 'How to Videos",
      "thumbnail": "https://fremicro029.xirvik.com/downloads/Thumbnails/WPTech.png",
      "genres": [
        "technology"
      ],
      "tags": [
        "tech"
      ],
      "content": {
        "dateAdded": "2015-06-11T14:14:54.431Z",
        "captions": [],
        "videos": [
          {
            "url": "https://fremicro029.xirvik.com/downloads/Roku%20videos/Tech/WP%20Promo%20Video.mp4",
            "quality": "FHD",
            "videoType": "MP4"
          }
        ],
        "duration": 157
      }
    },
    {
      "id": "00007",
      "title": "Genetics and Viruses",
      "releaseDate": "2015-05-21",
      "shortDescription": "Genetics and Viruses - MTHFR with Elijah Free_ Life Enthusiast Podcast- An example of how a video podcast channel would host videos.",
      "thumbnail": "https://fremicro029.xirvik.com/downloads/Thumbnails/SciPod.png",
      "genres": [
        "science"
      ],
      "tags": [
        "science"
      ],
      "content": {
        "dateAdded": "2015-05-21T14:14:54.431Z",
        "captions": [],
        "duration": 1765,
        "videos": [
          {
            "url": "https://fremicro029.xirvik.com/downloads/Roku%20videos/Genetics%20and%20Viruses%20-%20MTHFR%20with%20Elijah%20Free_%20Life%20Enthusiast%20Podcast.mp4",
            "quality": "HD",
            "videoType": "MP4"
          }
        ]
      }
    },
    {
      "id": "00008",
      "title": "Interview (Stock Footage)",
      "releaseDate": "2015-06-11",
      "shortDescription": "Here's how an interview would look (There's no audio on this one)",
      "thumbnail": "https://fremicro029.xirvik.com/downloads/Thumbnails/Interview.png",
      "genres": [
        "documentary"
      ],
      "tags": [
        "docs"
      ],
      "content": {
        "dateAdded": "2015-06-11T14:14:54.431Z",
        "captions": [],
        "videos": [
          {
            "url": "https://fremicro029.xirvik.com/downloads/Roku%20videos/Interview%20stock%20footage.mp4",
            "quality": "UHD",
            "videoType": "MP4"
          }
        ],
        "duration": 25
      }
    }
  ],
  "series": [
    {
      "id": "00009",
      "title": "Cooking with Kostas",
      "releaseDate": "2000-01-01",
      "shortDescription": "Learn cooking with Kostas! This is how a series will look on the channel.",
      "thumbnail": "https://fremicro029.xirvik.com/downloads/Thumbnails/Cooking.png",
      "genres": [
        "food"
      ],
      "tags": [
        "series"
      ],
      "seasons": [
        {
          "seasonNumber": 1,
          "episodes": [
            {
              "id": "00010",
              "title": "Hummus",
              "episodeNumber": 1,
              "releaseDate": "2015-05-21",
              "shortDescription": "Learn how to make Hummus!",
              "thumbnail": "https://fremicro029.xirvik.com/downloads/Thumbnails/Humus.png",
              "content": {
                "dateAdded": "2015-05-21T14:14:54.431Z",
                "captions": [],
                "duration": 137,
                "videos": [
                  {
                    "url": "https://fremicro029.xirvik.com/downloads/Roku%20videos/Season%201/Cooking%20with%20Kostas-%20Humus.mp4",
                    "quality": "HD",
                    "videoType": "MP4"
                  }
                ]
              }
            },
            {
              "id": "00011",
              "title": "Banana Bread",
              "episodeNumber": 2,
              "shortDescription": "Learn how to make banana bread!",
              "thumbnail": "https://fremicro029.xirvik.com/downloads/Thumbnails/BananaBread.png",
              "releaseDate": "2015-05-21",
              "content": {
                "dateAdded": "2015-05-21T14:14:54.431Z",
                "captions": [],
                "duration": 200,
                "videos": [
                  {
                    "url": "https://fremicro029.xirvik.com/downloads/Roku%20videos/Season%201/Cooking%20with%20Kostas_%20Banana%20Bread.mp4",
                    "quality": "HD",
                    "videoType": "MP4"
                  }
                ]
              }
            },
            {
              "id": "00012",
              "title": "BBQ",
              "shortDescription": "Learn how to cook BBQ sauce with short ribs!",
              "thumbnail": "https://fremicro029.xirvik.com/downloads/Thumbnails/Cooking.png",
              "releaseDate": "2015-08-13",
              "episodeNumber": 3,
              "content": {
                "dateAdded": "2015-08-13T14:14:54.431Z",
                "captions": [],
                "duration": 182,
                "videos": [
                  {
                    "url": "https://fremicro029.xirvik.com/downloads/Roku%20videos/Season%201/Cooking%20with%20Kostas_%20BBQ%20Sauce%20with%20Short%20Ribs.mp4",
                    "quality": "FHD",
                    "videoType": "MP4"
                  }
                ]
              }
            },
            {
              "id": "00013",
              "title": "Bread Rolls",
              "shortDescription": "UFCTV gives you Live and On-Demand access to UFC events and classic fights. UFC (Ultimate Fighting Championship), is the worlds leading mixed martial arts sports association.",
              "thumbnail": "https://fremicro029.xirvik.com/downloads/Thumbnails/BreadRolls.png",
              "releaseDate": "2015-05-28",
              "episodeNumber": 4,
              "content": {
                "dateAdded": "2015-05-28T14:14:54.431Z",
                "captions": [],
                "duration": 311,
                "videos": [
                  {
                    "url": "https://fremicro029.xirvik.com/downloads/Roku%20videos/Season%201/Cooking%20with%20Kostas_%20Bread%20Rolls.mp4",
                    "quality": "HD",
                    "videoType": "MP4"
                  }
                ]
              }
            }
          ]
        },
        {
          "seasonNumber": 2,
          "episodes": [
            {
              "id": "00014",
              "title": "Duck Breast",
              "episodeNumber": 1,
              "releaseDate": "2015-05-21",
              "shortDescription": "Learn how to cook duck breast!",
              "thumbnail": "https://fremicro029.xirvik.com/downloads/Thumbnails/Cooking.png",
              "content": {
                "dateAdded": "2015-05-21T14:14:54.431Z",
                "captions": [],
                "duration": 380,
                "videos": [
                  {
                    "url": "https://fremicro029.xirvik.com/downloads/Roku%20videos/Season%202/Cooking%20with%20Kostas_%20Duck%20Breast.mp4",
                    "quality": "HD",
                    "videoType": "MP4"
                  }
                ]
              }
            },
            {
              "id": "00015",
              "title": "Lamb Meatballs",
              "episodeNumber": 2,
              "shortDescription": "Learn how to cook lamb meatballs!",
              "thumbnail": "https://fremicro029.xirvik.com/downloads/Thumbnails/Meatballs.png",
              "releaseDate": "2015-05-21",
              "content": {
                "dateAdded": "2015-05-21T14:14:54.431Z",
                "captions": [],
                "duration": 214,
                "videos": [
                  {
                    "url": "https://fremicro029.xirvik.com/downloads/Roku%20videos/Season%202/Cooking%20with%20Kostas_%20Lamb%20Meatballs!.mp4",
                    "quality": "HD",
                    "videoType": "MP4"
                  }
                ]
              }
            },
            {
              "id": "00016",
              "title": "Sidecar Drink",
              "shortDescription": "Learn how to make the sidecar drink!",
              "thumbnail": "https://fremicro029.xirvik.com/downloads/Thumbnails/Sidecar%20Drink.png",
              "releaseDate": "2015-08-13",
              "episodeNumber": 3,
              "content": {
                "dateAdded": "2015-08-13T14:14:54.431Z",
                "captions": [],
                "duration": 130,
                "videos": [
                  {
                    "url": "https://fremicro029.xirvik.com/downloads/Roku%20videos/Season%202/Cooking%20with%20Kostas_%20Side%20Car%20Drink.mp4",
                    "quality": "HD",
                    "videoType": "MP4"
                  }
                ]
              }
            },
            {
              "id": "00017",
              "title": "Stuffed Peppers",
              "shortDescription": "Learn how to cook stuffed peppers!",
              "thumbnail": "https://fremicro029.xirvik.com/downloads/Thumbnails/StuffedPeps.png",
              "releaseDate": "2015-05-28",
              "episodeNumber": 4,
              "content": {
                "dateAdded": "2015-05-28T14:14:54.431Z",
                "captions": [],
                "duration": 419,
                "videos": [
                  {
                    "url": "https://fremicro029.xirvik.com/downloads/Roku%20videos/Season%202/Cooking%20with%20Kostas_%20Stuffed%20Peppers.mp4",
                    "quality": "FHD",
                    "videoType": "MP4"
                  }
                ]
              }
            }
          ]
        }
      ]
    }
  ],
  "Music": [
    {
      "id": "10001",
      "title": "Spring Mvt.1 Allegro",
      "releaseDate": "2020-07-20",
      "shortDescription": "Listen to the classical Four Seasons by Vivaldi!",
      "thumbnail": "https://fremicro029.xirvik.com/downloads/Thumbnails/The_Four_Seasons_Vivaldi-10361.jpg",
      "genres": [
        "history"
      ],
      "tags": [
        "music"
      ],
      "content": {
        "dateAdded": "2020-06-11T14:14:54.431Z",
        "captions": [],
        "videos": [
          {
            "url": "https://fremicro029.xirvik.com/downloads/Roku%20videos/Music/John_Harrison_with_the_Wichita_State_University_Chamber_Players_-_01_-_Spring_Mvt_1_Allegro.mp3"
          }
        ],
        "duration": 215
      }
    },
    {
      "id": "10002",
      "title": "Spring Mvt.2 Largo",
      "releaseDate": "2020-07-20",
      "shortDescription": "Listen to the classical Four Seasons by Vivaldi!",
      "thumbnail": "https://fremicro029.xirvik.com/downloads/Thumbnails/The_Four_Seasons_Vivaldi-10361.jpg",
      "genres": [
        "history"
      ],
      "tags": [
        "music"
      ],
      "content": {
        "dateAdded": "2020-06-11T14:14:54.431Z",
        "captions": [],
        "videos": [
          {
            "url": "https://fremicro029.xirvik.com/downloads/Roku%20videos/Music/John_Harrison_with_the_Wichita_State_University_Chamber_Players_-_02_-_Spring_Mvt_2_Largo.mp3"
          }
        ],
        "duration": 171
      }
    }
  ],
  "podcasts": [{
      "id": "20001",
      "title": "Dracula: Chapter One",
      "releaseDate": "2015-06-11",
      "shortDescription": "The first Chapter in Bram Stoker's Dracula.",
      "thumbnail": "https://fremicro029.xirvik.com/downloads/Thumbnails/Dracula.jpg",
      "genres": [
        "thriller"
      ],
      "tags": [
        "music"
      ],
      "content": {
        "dateAdded": "2020-06-11T14:14:54.431Z",
        "captions": [],
        "videos": [
          {
            "url": "https://fremicro029.xirvik.com/downloads/Roku%20videos/dracula_01_stoker_64kb.mp3"
          }
        ],
        "duration": 171
      }
    }]
}